player_id,name,age,position,team_name,birthday
1,"Luka Dončić",24,"POINT GUARD","DALLAS MAVERICKS","1999-02-28"
2,"Shai Gilgeous-Alexander",25,"POINT GUARD","OKLAHOMA CITY THUNDER","1998-07-12"
3,"Giannis Antetokounmpo",29,"POWER FORWARD","MILWAUKEE BUCKS","1994-12-06"
4,"Jalen Brunson",27,"POINT GUARD","NEW YORK KNICKS","1996-08-31"
5,"Nikola Jokić",28,"CENTER","DENVER NUGGETS","1995-02-19"
6,"Anthony Edwards",22,"SHOOTING GUARD","MINNESOTA TIMBERWOLVES","2001-08-05"
7,"Kevin Durant",35,"POWER FORWARD","PHOENIX SUNS","1988-09-29"
8,"Jayson Tatum",25,"POWER FORWARD","BOSTON CELTICS","1998-03-03"
9,"De'Aaron Fox",26,"POINT GUARD","SACRAMENTO KINGS","1997-12-20"
10,"Stephen Curry",35,"POINT GUARD","GOLDEN STATE WARRIORS","1988-03-14"
11,"DeMar DeRozan",34,"SMALL FORWARD","CHICAGO BULLS","1989-08-07"
12,"Anthony Davis",30,"CENTER","LOS ANGELES LAKERS","1993-03-11"
13,"Devin Booker",27,"POINT GUARD","PHOENIX SUNS","1996-10-30"
14,"LeBron James",39,"POWER FORWARD","LOS ANGELES LAKERS","1984-12-30"
15,"Tyrese Maxey",23,"POINT GUARD","PHILADELPHIA 76ERS","2000-11-04"
16,"Paolo Banchero",21,"POWER FORWARD","ORLANDO MAGIC","2002-11-12"
17,"Damian Lillard",33,"POINT GUARD","MILWAUKEE BUCKS","1990-07-15"
18,"Dejounte Murray",27,"SHOOTING GUARD","ATLANTA HAWKS","1996-09-19"
19,"Pascal Siakam",29,"POWER FORWARD","TORONTO RAPTORS","1994-04-02"
20,"Paul George",33,"POWER FORWARD","LOS ANGELES CLIPPERS","1990-05-02"
21,"Kawhi Leonard",32,"SMALL FORWARD","LOS ANGELES CLIPPERS","1991-06-29"
22,"Jaylen Brown",27,"SMALL FORWARD","BOSTON CELTICS","1996-10-24"
23,"Jalen Green",21,"SHOOTING GUARD","HOUSTON ROCKETS","2002-02-09"
24,"Mikal Bridges",27,"SMALL FORWARD","BROOKLYN NETS","1996-08-30"
25,"Zion Williamson",23,"POWER FORWARD","NEW ORLEANS PELICANS","2000-07-06"
26,"Domantas Sabonis",27,"CENTER","SACRAMENTO KINGS","1996-05-03"
27,"Kyle Kuzma",28,"POWER FORWARD","WASHINGTON WIZARDS","1995-07-24"
28,"Victor Wembanyama",20,"CENTER","SAN ANTONIO SPURS","2004-01-04"
29,"Coby White",23,"POINT GUARD","CHICAGO BULLS","2000-02-16"
30,"Kyrie Irving",31,"SHOOTING GUARD","DALLAS MAVERICKS","1992-03-23"
31,"Jaren Jackson Jr.",24,"CENTER","MEMPHIS GRIZZLIES","1999-09-15"
32,"Cam Thomas",22,"SHOOTING GUARD","BROOKLYN NETS","2001-10-13"
33,"Donovan Mitchell",27,"SHOOTING GUARD","CLEVELAND CAVALIERS","1996-09-07"
34,"Collin Sexton",25,"SHOOTING GUARD","UTAH JAZZ","1999-01-04"
35,"Miles Bridges",25,"SMALL FORWARD","CHARLOTTE HORNETS","1998-03-21"
36,"Franz Wagner",22,"SMALL FORWARD","ORLANDO MAGIC","2001-08-27"
37,"Cade Cunningham",22,"POINT GUARD","DETROIT PISTONS","2001-09-25"
38,"Tyrese Haliburton",23,"POINT GUARD","INDIANA PACERS","2000-02-29"
39,"Trae Young",25,"POINT GUARD","ATLANTA HAWKS","1998-09-19"
40,"Klay Thompson",33,"SMALL FORWARD","GOLDEN STATE WARRIORS","1990-02-08"
41,"Nikola Vučević",33,"CENTER","CHICAGO BULLS","1990-10-24"
42,"D'Angelo Russell",27,"POINT GUARD","LOS ANGELES LAKERS","1996-02-23"
43,"Bam Adebayo",26,"CENTER","MIAMI HEAT","1997-07-18"
44,"Chet Holmgren",21,"CENTER","OKLAHOMA CITY THUNDER","2002-05-01"
45,"Jordan Poole",24,"SHOOTING GUARD","WASHINGTON WIZARDS","1999-06-19"
46,"Michael Porter Jr.",25,"SMALL FORWARD","DENVER NUGGETS","1998-06-29"
47,"Jalen Williams",22,"POWER FORWARD","OKLAHOMA CITY THUNDER","2001-04-14"
48,"Joel Embiid",29,"CENTER","PHILADELPHIA 76ERS","1994-03-16"
49,"Karl-Anthony Towns",28,"POWER FORWARD","MINNESOTA TIMBERWOLVES","1995-11-15"
50,"Bogdan Bogdanović",31,"SHOOTING GUARD","ATLANTA HAWKS","1992-08-18"
51,"Brandon Ingram",26,"SMALL FORWARD","NEW ORLEANS PELICANS","1997-09-02"
52,"Alperen Şengün",21,"CENTER","HOUSTON ROCKETS","2002-07-25"
53,"Devin Vassell",23,"SHOOTING GUARD","SAN ANTONIO SPURS","2000-08-23"
54,"CJ McCollum",32,"POINT GUARD","NEW ORLEANS PELICANS","1991-09-19"
55,"Myles Turner",27,"CENTER","INDIANA PACERS","1996-03-24"
56,"Austin Reaves",25,"SHOOTING GUARD","LOS ANGELES LAKERS","1998-05-29"
57,"Brandon Miller",21,"SMALL FORWARD","CHARLOTTE HORNETS","2002-11-22"
58,"Lauri Markkanen",26,"POWER FORWARD","UTAH JAZZ","1997-05-22"
59,"Jarrett Allen",25,"CENTER","CLEVELAND CAVALIERS","1998-04-21"
60,"Fred VanVleet",29,"POINT GUARD","HOUSTON ROCKETS","1994-02-25"
61,"Donte DiVincenzo",27,"SHOOTING GUARD","NEW YORK KNICKS","1997-01-31"
62,"Jamal Murray",26,"POINT GUARD","DENVER NUGGETS","1997-02-23"
63,"Jimmy Butler",34,"POWER FORWARD","MIAMI HEAT","1989-09-14"
64,"Terry Rozier",29,"SHOOTING GUARD","CHARLOTTE HORNETS","1994-03-17"
65,"Tobias Harris",31,"POWER FORWARD","PHILADELPHIA 76ERS","1992-07-15"
66,"James Harden",34,"POINT GUARD","LOS ANGELES CLIPPERS","1989-08-26"
67,"Scottie Barnes",22,"SHOOTING GUARD","TORONTO RAPTORS","2001-08-01"
68,"Jonathan Kuminga",21,"POWER FORWARD","GOLDEN STATE WARRIORS","2002-10-06"
69,"Jaden Ivey",21,"SHOOTING GUARD","DETROIT PISTONS","2002-02-13"
70,"Keegan Murray",23,"SMALL FORWARD","SACRAMENTO KINGS","2000-08-19"
71,"RJ Barrett",23,"SHOOTING GUARD","NEW YORK KNICKS","2000-06-14"
72,"Immanuel Quickley",24,"SHOOTING GUARD","NEW YORK KNICKS","1999-06-17"
73,"Kristaps Porziņģis",28,"CENTER","BOSTON CELTICS","1995-08-02"
74,"Tim Hardaway Jr.",31,"SMALL FORWARD","DALLAS MAVERICKS","1992-03-16"
75,"Jerami Grant",29,"POWER FORWARD","PORTLAND TRAIL BLAZERS","1994-03-12"
76,"Bobby Portis",28,"POWER FORWARD","MILWAUKEE BUCKS","1995-02-10"
77,"Dennis Schröder",30,"POINT GUARD","TORONTO RAPTORS","1993-09-15"
78,"Malik Monk",25,"SHOOTING GUARD","SACRAMENTO KINGS","1998-02-04"
79,"Derrick White",29,"SHOOTING GUARD","BOSTON CELTICS","1994-07-02"
80,"Deni Avdija",23,"SMALL FORWARD","WASHINGTON WIZARDS","2001-01-03"
81,"Julius Randle",29,"POWER FORWARD","NEW YORK KNICKS","1994-11-29"
82,"Naz Reid",24,"POWER FORWARD","MINNESOTA TIMBERWOLVES","1999-08-26"
83,"Keldon Johnson",24,"SMALL FORWARD","SAN ANTONIO SPURS","1999-10-11"
84,"Corey Kispert",24,"SMALL FORWARD","WASHINGTON WIZARDS","1999-03-03"
85,"Rudy Gobert",31,"CENTER","MINNESOTA TIMBERWOLVES","1992-06-26"
86,"Norman Powell",30,"SHOOTING GUARD","LOS ANGELES CLIPPERS","1993-05-25"
87,"Kelly Oubre Jr.",28,"SMALL FORWARD","PHILADELPHIA 76ERS","1995-12-09"
88,"Jabari Smith Jr.",20,"POWER FORWARD","HOUSTON ROCKETS","2003-05-13"
89,"Anfernee Simons",24,"SHOOTING GUARD","PORTLAND TRAIL BLAZERS","1999-06-08"
90,"Darius Garland",24,"POINT GUARD","CLEVELAND CAVALIERS","2000-01-26"
91,"John Collins",26,"POWER FORWARD","UTAH JAZZ","1997-09-23"
92,"Grayson Allen",28,"SHOOTING GUARD","PHOENIX SUNS","1995-10-08"
93,"Aaron Gordon",28,"POWER FORWARD","DENVER NUGGETS","1995-09-16"
94,"Buddy Hield",31,"SMALL FORWARD","INDIANA PACERS","1992-12-17"
95,"Jonas Valančiūnas",31,"CENTER","NEW ORLEANS PELICANS","1992-05-06"
96,"Harrison Barnes",31,"POWER FORWARD","SACRAMENTO KINGS","1992-05-30"
97,"Desmond Bane",25,"SHOOTING GUARD","MEMPHIS GRIZZLIES","1998-06-25"
98,"Brook Lopez",35,"CENTER","MILWAUKEE BUCKS","1988-04-01"
99,"Josh Giddey",21,"SHOOTING GUARD","OKLAHOMA CITY THUNDER","2002-10-10"
100,"Keyonte George",20,"POINT GUARD","UTAH JAZZ","2003-11-08"
101,"Gary Trent Jr.",25,"SHOOTING GUARD","TORONTO RAPTORS","1999-01-18"
102,"Bradley Beal",30,"SHOOTING GUARD","PHOENIX SUNS","1993-06-28"
103,"Caris LeVert",29,"SHOOTING GUARD","CLEVELAND CAVALIERS","1994-08-25"
104,"Jalen Suggs",22,"SHOOTING GUARD","ORLANDO MAGIC","2001-06-03"
105,"Jordan Clarkson",31,"SHOOTING GUARD","UTAH JAZZ","1992-06-07"
106,"Andrew Wiggins",28,"SMALL FORWARD","GOLDEN STATE WARRIORS","1995-02-23"
107,"P.J. Washington",25,"POWER FORWARD","CHARLOTTE HORNETS","1998-08-23"
108,"Cole Anthony",23,"POINT GUARD","ORLANDO MAGIC","2000-05-15"
109,"Ayo Dosunmu",24,"SHOOTING GUARD","CHICAGO BULLS","2000-01-17"
110,"Rui Hachimura",25,"POWER FORWARD","LOS ANGELES LAKERS","1998-02-08"
111,"Deandre Ayton",25,"CENTER","PORTLAND TRAIL BLAZERS","1998-07-23"
112,"Dillon Brooks",28,"SMALL FORWARD","HOUSTON ROCKETS","1996-01-22"
113,"Jalen Johnson",22,"SMALL FORWARD","ATLANTA HAWKS","2001-12-18"
114,"De'Andre Hunter",26,"SMALL FORWARD","ATLANTA HAWKS","1997-12-02"
115,"Malik Beasley",27,"SHOOTING GUARD","MILWAUKEE BUCKS","1996-11-26"
116,"Jaime Jaquez Jr.",22,"SMALL FORWARD","MIAMI HEAT","2001-02-18"
117,"Aaron Nesmith",24,"SMALL FORWARD","INDIANA PACERS","1999-10-16"
118,"Tyler Herro",24,"SHOOTING GUARD","MIAMI HEAT","2000-01-20"
119,"Duncan Robinson",29,"SMALL FORWARD","MIAMI HEAT","1994-04-22"
120,"Mike Conley",36,"POINT GUARD","MINNESOTA TIMBERWOLVES","1987-10-11"
121,"Scoot Henderson",19,"POINT GUARD","PORTLAND TRAIL BLAZERS","2004-02-03"
122,"Moritz Wagner",26,"CENTER","ORLANDO MAGIC","1997-04-26"
123,"Bojan Bogdanović",34,"POWER FORWARD","DETROIT PISTONS","1989-04-18"
124,"Saddiq Bey",24,"SMALL FORWARD","ATLANTA HAWKS","1999-04-09"
125,"Jeremy Sochan",20,"POWER FORWARD","SAN ANTONIO SPURS","2003-05-20"
126,"Luguentz Dort",24,"SMALL FORWARD","OKLAHOMA CITY THUNDER","1999-04-19"
127,"Jrue Holiday",33,"POINT GUARD","BOSTON CELTICS","1990-06-12"
128,"Bennedict Mathurin",21,"SMALL FORWARD","INDIANA PACERS","2002-06-19"
129,"Max Strus",27,"SMALL FORWARD","CLEVELAND CAVALIERS","1996-03-28"
130,"Obi Toppin",25,"POWER FORWARD","INDIANA PACERS","1998-03-04"
131,"Trey Murphy III",23,"SMALL FORWARD","NEW ORLEANS PELICANS","2000-06-18"
132,"Nic Claxton",24,"CENTER","BROOKLYN NETS","1999-04-17"
133,"Jalen Duren",20,"CENTER","DETROIT PISTONS","2003-11-18"
134,"Herbert Jones",25,"SMALL FORWARD","NEW ORLEANS PELICANS","1998-10-06"
135,"Clint Capela",29,"CENTER","ATLANTA HAWKS","1994-05-18"
136,"Reggie Jackson",33,"POINT GUARD","DENVER NUGGETS","1990-04-16"
137,"Jusuf Nurkić",29,"CENTER","PHOENIX SUNS","1994-08-23"
138,"Khris Middleton",32,"SMALL FORWARD","MILWAUKEE BUCKS","1991-08-12"
139,"Daniel Gafford",25,"CENTER","WASHINGTON WIZARDS","1998-10-01"
140,"Spencer Dinwiddie",30,"POINT GUARD","BROOKLYN NETS","1993-04-06"
141,"Ivica Zubac",26,"CENTER","LOS ANGELES CLIPPERS","1997-03-18"
142,"Tyus Jones",27,"POINT GUARD","WASHINGTON WIZARDS","1996-05-10"
143,"Payton Pritchard",26,"POINT GUARD","BOSTON CELTICS","1998-01-28"
144,"Evan Mobley",22,"POWER FORWARD","CLEVELAND CAVALIERS","2001-06-18"
145,"Grant Williams",25,"POWER FORWARD","DALLAS MAVERICKS","1998-11-30"
146,"Zach Collins",26,"CENTER","SAN ANTONIO SPURS","1997-11-19"
147,"Cameron Johnson",27,"POWER FORWARD","BROOKLYN NETS","1996-03-03"
148,"Tre Jones",24,"POINT GUARD","SAN ANTONIO SPURS","2000-01-08"
149,"Georges Niang",30,"POWER FORWARD","CLEVELAND CAVALIERS","1993-06-17"
150,"Kentavious Caldwell-Pope",30,"SHOOTING GUARD","DENVER NUGGETS","1993-02-18"
151,"Kelly Olynyk",32,"CENTER","UTAH JAZZ","1991-04-19"
152,"Josh Hart",28,"SMALL FORWARD","NEW YORK KNICKS","1995-03-06"
153,"Jaden McDaniels",23,"SMALL FORWARD","MINNESOTA TIMBERWOLVES","2000-09-29"
154,"Russell Westbrook",35,"POINT GUARD","LOS ANGELES CLIPPERS","1988-11-12"
155,"Eric Gordon",35,"SHOOTING GUARD","PHOENIX SUNS","1988-12-25"
156,"OG Anunoby",26,"SMALL FORWARD","TORONTO RAPTORS","1997-07-17"
157,"T.J. McConnell",31,"POINT GUARD","INDIANA PACERS","1992-03-25"
158,"Bruce Brown",27,"SHOOTING GUARD","INDIANA PACERS","1996-08-15"
159,"Alex Caruso",29,"SHOOTING GUARD","CHICAGO BULLS","1994-02-28"
160,"Sam Hauser",26,"SMALL FORWARD","BOSTON CELTICS","1997-12-08"
161,"GG Jackson II",19,"POWER FORWARD","MEMPHIS GRIZZLIES","2004-12-17"
162,"Taurean Prince",29,"POWER FORWARD","LOS ANGELES LAKERS","1994-03-22"
163,"Simone Fontecchio",28,"SMALL FORWARD","UTAH JAZZ","1995-12-09"
164,"Malaki Branham",20,"POINT GUARD","SAN ANTONIO SPURS","2003-05-12"
165,"Alec Burks",32,"SHOOTING GUARD","DETROIT PISTONS","1991-07-20"
166,"Brandin Podziemski",20,"SHOOTING GUARD","GOLDEN STATE WARRIORS","2003-02-25"
167,"Andre Drummond",30,"CENTER","CHICAGO BULLS","1993-08-10"
168,"Terance Mann",27,"SHOOTING GUARD","LOS ANGELES CLIPPERS","1996-10-18"
169,"Derrick Jones Jr.",26,"SMALL FORWARD","DALLAS MAVERICKS","1997-02-15"
170,"Nickeil Alexander-Walker",25,"SHOOTING GUARD","MINNESOTA TIMBERWOLVES","1998-09-02"
171,"Kevin Huerter",25,"SHOOTING GUARD","SACRAMENTO KINGS","1998-08-27"
172,"Santi Aldama",23,"POWER FORWARD","MEMPHIS GRIZZLIES","2001-01-10"
173,"Nick Richards",26,"CENTER","CHARLOTTE HORNETS","1997-11-29"
174,"Isaac Okoro",23,"SMALL FORWARD","CLEVELAND CAVALIERS","2001-01-26"
175,"Caleb Martin",28,"SMALL FORWARD","MIAMI HEAT","1995-09-28"
176,"Jabari Walker",21,"SMALL FORWARD","PORTLAND TRAIL BLAZERS","2002-07-30"
177,"Isaiah Joe",24,"SHOOTING GUARD","OKLAHOMA CITY THUNDER","1999-07-02"
178,"Andrew Nembhard",24,"POINT GUARD","INDIANA PACERS","2000-01-16"
179,"Duop Reath",27,"CENTER","PORTLAND TRAIL BLAZERS","1996-06-26"
180,"Malcolm Brogdon",31,"POINT GUARD","PORTLAND TRAIL BLAZERS","1992-12-11"
181,"Royce O'Neale",30,"SMALL FORWARD","BROOKLYN NETS","1993-06-05"
182,"Wendell Carter Jr.",24,"CENTER","ORLANDO MAGIC","1999-04-16"
183,"Jalen Smith",23,"CENTER","INDIANA PACERS","2000-03-16"
184,"Christian Braun",22,"SHOOTING GUARD","DENVER NUGGETS","2001-04-17"
185,"Paul Reed",24,"CENTER","PHILADELPHIA 76ERS","1999-06-14"
186,"Amen Thompson",21,"SMALL FORWARD","HOUSTON ROCKETS","2003-01-30"
187,"Marcus Sasser",23,"POINT GUARD","DETROIT PISTONS","2000-09-21"
188,"Marvin Bagley III",24,"CENTER","DETROIT PISTONS","1999-03-14"
189,"Isaiah Hartenstein",25,"CENTER","NEW YORK KNICKS","1998-05-05"
190,"Dorian Finney-Smith",30,"POWER FORWARD","BROOKLYN NETS","1993-05-04"
191,"Cam Whitmore",19,"SMALL FORWARD","HOUSTON ROCKETS","2004-07-08"
192,"Cameron Payne",29,"POINT GUARD","MILWAUKEE BUCKS","1994-08-08"
193,"Lonnie Walker IV",25,"SHOOTING GUARD","BROOKLYN NETS","1998-12-14"
194,"Precious Achiuwa",24,"CENTER","TORONTO RAPTORS","1999-09-19"
195,"Al Horford",37,"CENTER","BOSTON CELTICS","1986-06-03"
196,"Miles McBride",23,"POINT GUARD","NEW YORK KNICKS","2000-09-08"
197,"Onyeka Okongwu",23,"CENTER","ATLANTA HAWKS","2000-12-11"
198,"Cason Wallace",20,"SHOOTING GUARD","OKLAHOMA CITY THUNDER","2003-11-07"
199,"Dalano Banton",24,"POINT GUARD","BOSTON CELTICS","1999-11-07"
200,"Ausar Thompson",21,"SMALL FORWARD","DETROIT PISTONS","2003-01-30"
201,"Jakob Poeltl",28,"CENTER","TORONTO RAPTORS","1995-10-15"
202,"Aaron Wiggins",25,"SHOOTING GUARD","OKLAHOMA CITY THUNDER","1999-01-02"
203,"Trayce Jackson-Davis",23,"POWER FORWARD","GOLDEN STATE WARRIORS","2000-02-22"
204,"Moses Moody",21,"SHOOTING GUARD","GOLDEN STATE WARRIORS","2002-05-31"
205,"Chris Paul",38,"POINT GUARD","GOLDEN STATE WARRIORS","1985-05-06"
206,"Bilal Coulibaly",19,"SMALL FORWARD","WASHINGTON WIZARDS","2004-07-26"
207,"Peyton Watson",21,"SMALL FORWARD","DENVER NUGGETS","2002-09-11"
208,"Jaden Hardy",21,"SHOOTING GUARD","DALLAS MAVERICKS","2002-07-05"
209,"Toumani Camara",23,"POWER FORWARD","PORTLAND TRAIL BLAZERS","2000-05-08"
210,"LaMelo Ball",22,"POINT GUARD","CHARLOTTE HORNETS","2001-08-22"
211,"Jordan Hawkins",21,"SHOOTING GUARD","NEW ORLEANS PELICANS","2002-04-29"
212,"Vince Williams Jr.",23,"SHOOTING GUARD","MEMPHIS GRIZZLIES","2000-08-30"
213,"Walker Kessler",22,"CENTER","UTAH JAZZ","2001-07-26"
214,"Talen Horton-Tucker",23,"POINT GUARD","UTAH JAZZ","2000-11-25"
215,"Dario Šarić",29,"CENTER","GOLDEN STATE WARRIORS","1994-04-08"
216,"Aaron Holiday",27,"POINT GUARD","HOUSTON ROCKETS","1996-09-30"
217,"Gradey Dick",20,"SHOOTING GUARD","TORONTO RAPTORS","2003-11-20"
218,"Shaedon Sharpe",20,"SHOOTING GUARD","PORTLAND TRAIL BLAZERS","2003-05-30"
219,"Jeff Green",37,"POWER FORWARD","HOUSTON ROCKETS","1986-08-28"
220,"Kyle Anderson",30,"POWER FORWARD","MINNESOTA TIMBERWOLVES","1993-09-20"
221,"Julian Champagnie",22,"SMALL FORWARD","SAN ANTONIO SPURS","2001-06-29"
222,"Isaiah Stewart",22,"POWER FORWARD","DETROIT PISTONS","2001-05-22"
223,"Gordon Hayward",33,"SMALL FORWARD","CHARLOTTE HORNETS","1990-03-23"
224,"Cedi Osman",28,"SMALL FORWARD","SAN ANTONIO SPURS","1995-04-08"
225,"Zach LaVine",28,"SHOOTING GUARD","CHICAGO BULLS","1995-03-10"
226,"Kyle Lowry",37,"POINT GUARD","MIAMI HEAT","1986-03-25"
227,"Kevin Love",35,"POWER FORWARD","MIAMI HEAT","1988-09-07"
228,"Sam Merrill",27,"SHOOTING GUARD","CLEVELAND CAVALIERS","1996-05-15"
229,"Dereck Lively II",19,"CENTER","DALLAS MAVERICKS","2004-02-12"
230,"Draymond Green",33,"POWER FORWARD","GOLDEN STATE WARRIORS","1990-03-04"
231,"Josh Green",23,"SHOOTING GUARD","DALLAS MAVERICKS","2000-11-16"
232,"Naji Marshall",26,"SMALL FORWARD","NEW ORLEANS PELICANS","1998-01-24"
233,"Amir Coffey",26,"SMALL FORWARD","LOS ANGELES CLIPPERS","1997-06-17"
234,"Ochai Agbaji",23,"SHOOTING GUARD","UTAH JAZZ","2000-04-20"
235,"Patrick Beverley",35,"POINT GUARD","PHILADELPHIA 76ERS","1998-07-12"
236,"James Wiseman",22,"CENTER","DETROIT PISTONS","2001-03-31"
237,"Trendon Watford",23,"POWER FORWARD","BROOKLYN NETS","2000-11-09"
238,"Luke Kennard",27,"SHOOTING GUARD","MEMPHIS GRIZZLIES","1996-06-24"
239,"Patrick Williams",22,"POWER FORWARD","CHICAGO BULLS","2001-08-26"
240,"Pat Connaughton",31,"SMALL FORWARD","MILWAUKEE BUCKS","1993-01-06"
241,"Dante Exum",28,"POINT GUARD","DALLAS MAVERICKS","1995-07-13"
242,"Josh Richardson",30,"SHOOTING GUARD","MIAMI HEAT","1993-09-15"
243,"David Roddy",22,"POWER FORWARD","MEMPHIS GRIZZLIES","2001-03-27"
244,"Vasilije Micić",30,"POINT GUARD","OKLAHOMA CITY THUNDER","1994-01-13"
245,"De'Anthony Melton",25,"SHOOTING GUARD","PHILADELPHIA 76ERS","1998-05-28"
246,"Ziaire Williams",22,"SMALL FORWARD","MEMPHIS GRIZZLIES","2001-09-12"
247,"Trey Lyles",28,"POWER FORWARD","SACRAMENTO KINGS","1995-11-05"
248,"Day'Ron Sharpe",22,"CENTER","BROOKLYN NETS","2001-11-06"
249,"Haywood Highsmith",27,"POWER FORWARD","MIAMI HEAT","1996-12-09"
250,"Jose Alvarado",25,"POINT GUARD","NEW ORLEANS PELICANS","1998-04-12"
251,"Jonathan Isaac",26,"POWER FORWARD","ORLANDO MAGIC","1997-10-03"
252,"Isaiah Jackson",22,"CENTER","INDIANA PACERS","2002-01-10"
253,"Tre Mann",22,"POINT GUARD","OKLAHOMA CITY THUNDER","2001-02-03"
254,"Malachi Flynn",25,"POINT GUARD","TORONTO RAPTORS","1998-05-09"
255,"Drew Eubanks",26,"CENTER","PHOENIX SUNS","1997-02-01"
256,"Jake LaRavia",22,"POWER FORWARD","MEMPHIS GRIZZLIES","2001-11-03"
257,"Davion Mitchell",25,"POINT GUARD","SACRAMENTO KINGS","1998-09-05"
258,"Kris Murray",23,"SMALL FORWARD","PORTLAND TRAIL BLAZERS","2000-08-19"
259,"Daniel Theis",31,"CENTER","INDIANA PACERS","1992-04-04"
260,"Gary Harris",29,"SHOOTING GUARD","ORLANDO MAGIC","1994-09-14"
261,"Dennis Smith Jr.",26,"POINT GUARD","BROOKLYN NETS","1997-11-25"
262,"Jordan Goodwin",25,"POINT GUARD","PHOENIX SUNS","1998-10-23"
263,"Jordan Nwora",25,"SMALL FORWARD","INDIANA PACERS","1998-09-09"
264,"Quentin Grimes",23,"SHOOTING GUARD","NEW YORK KNICKS","2000-05-08"
265,"Jevon Carter",28,"POINT GUARD","CHICAGO BULLS","1995-09-14"
266,"Kris Dunn",29,"POINT GUARD","UTAH JAZZ","1994-03-18"
267,"Dyson Daniels",20,"POINT GUARD","NEW ORLEANS PELICANS","2003-03-17"
268,"Matisse Thybulle",26,"SMALL FORWARD","PORTLAND TRAIL BLAZERS","1997-03-04"
269,"Nikola Jović",20,"POWER FORWARD","MIAMI HEAT","2003-06-09"
270,"Doug McDermott",32,"SMALL FORWARD","SAN ANTONIO SPURS","1992-01-03"
271,"Larry Nance Jr.",31,"CENTER","NEW ORLEANS PELICANS","1993-01-01"
272,"Christian Wood",28,"POWER FORWARD","LOS ANGELES LAKERS"
273,"Markelle Fultz",25,"POINT GUARD","ORLANDO MAGIC","1998-05-29"
274,"Luke Kornet",28,"CENTER","BOSTON CELTICS","1995-07-15"
275,"Kevon Looney",27,"CENTER","GOLDEN STATE WARRIORS","1996-02-06"
276,"Chimezie Metu",26,"CENTER","PHOENIX SUNS"
277,"Landry Shamet",26,"SHOOTING GUARD","WASHINGTON WIZARDS","1997-03-13"
278,"Garrison Mathews",27,"SHOOTING GUARD","ATLANTA HAWKS","1996-10-24"
279,"Kenrich Williams",29,"POWER FORWARD","OKLAHOMA CITY THUNDER","1994-12-02"
280,"Chris Boucher",31,"POWER FORWARD","TORONTO RAPTORS","1993-01-11"
281,"Nicolas Batum",35,"POWER FORWARD","LOS ANGELES CLIPPERS","1988-12-14"
282,"Anthony Black",20,"POINT GUARD","ORLANDO MAGIC","2004-01-20"
283,"Marcus Morris",34,"POWER FORWARD","PHILADELPHIA 76ERS"
284,"Jae Crowder",33,"POWER FORWARD","MILWAUKEE BUCKS","1990-07-06"
285,"Goga Bitadze",24,"CENTER","ORLANDO MAGIC","1999-07-20"
286,"Keon Ellis",24,"SHOOTING GUARD","SACRAMENTO KINGS","2000-01-08"
287,"Torrey Craig",33,"SMALL FORWARD","CHICAGO BULLS","1990-12-19"
288,"Jaxson Hayes",23,"CENTER","LOS ANGELES LAKERS","2000-05-23"
289,"Bryce McGowens",21,"SHOOTING GUARD","CHARLOTTE HORNETS","2002-11-08"
290,"Nick Smith Jr.",19,"SHOOTING GUARD","CHARLOTTE HORNETS","2004-04-18"
291,"Joe Ingles",36,"SMALL FORWARD","ORLANDO MAGIC","1987-10-02"
292,"Taylor Hendricks",20,"POWER FORWARD","UTAH JAZZ","2003-11-22"
293,"Dean Wade",27,"POWER FORWARD","CLEVELAND CAVALIERS","1996-11-20"
294,"Dāvis Bertāns",31,"POWER FORWARD","OKLAHOMA CITY THUNDER"
295,"Killian Hayes",22,"POINT GUARD","DETROIT PISTONS","2001-07-27"
296,"Marcus Smart",29,"POINT GUARD","MEMPHIS GRIZZLIES","1994-03-06"
297,"Craig Porter Jr.",23,"POINT GUARD","CLEVELAND CAVALIERS","2000-02-26"
298,"Max Christie",20,"SHOOTING GUARD","LOS ANGELES LAKERS","2003-02-10"
299,"Xavier Tillman Sr.",25,"CENTER","MEMPHIS GRIZZLIES"
300,"Bruno Fernando",25,"CENTER","ATLANTA HAWKS","1998-08-15"
301,"Danilo Gallinari",35,"POWER FORWARD","WASHINGTON WIZARDS"
302,"Josh Okogie",25,"SHOOTING GUARD","PHOENIX SUNS","1998-09-01"
303,"Jaylin Williams",21,"CENTER","OKLAHOMA CITY THUNDER","2002-06-29"
304,"Jock Landale",28,"CENTER","HOUSTON ROCKETS","1995-10-25"
305,"Lamar Stevens",26,"POWER FORWARD","BOSTON CELTICS","1997-07-09"
306,"Scotty Pippen Jr.",23,"POINT GUARD","MEMPHIS GRIZZLIES","2000-11-10"
307,"Blake Wesley",20,"SHOOTING GUARD","SAN ANTONIO SPURS","2003-03-16"
308,"Jae'Sean Tate",28,"SMALL FORWARD","HOUSTON ROCKETS","1995-10-28"
309,"Cam Reddish",24,"SMALL FORWARD","LOS ANGELES LAKERS","1999-09-01"
310,"Bones Hyland",23,"POINT GUARD","LOS ANGELES CLIPPERS","2000-09-14"
311,"Mo Bamba",25,"CENTER","PHILADELPHIA 76ERS","1998-05-12"
312,"Caleb Houstan",21,"SMALL FORWARD","ORLANDO MAGIC","2003-01-09"
313,"A.J. Green",24,"SHOOTING GUARD","MILWAUKEE BUCKS"
314,"Ben Sheppard",22,"SHOOTING GUARD","INDIANA PACERS","2001-07-16"
315,"Jared Butler",23,"SHOOTING GUARD","WASHINGTON WIZARDS","2000-08-25"
316,"Troy Brown Jr.",24,"SMALL FORWARD","MINNESOTA TIMBERWOLVES"
317,"Mason Plumlee",33,"CENTER","LOS ANGELES CLIPPERS","1990-03-05"
318,"Mark Williams",22,"CENTER","CHARLOTTE HORNETS","2001-12-16"
319,"Brice Sensabaugh",20,"SMALL FORWARD","UTAH JAZZ","2003-10-30"
320,"Gary Payton II",31,"SHOOTING GUARD","GOLDEN STATE WARRIORS","1992-12-01"
321,"John Konchar",27,"SMALL FORWARD","MEMPHIS GRIZZLIES","1996-03-22"
322,"Justin Holiday",34,"SHOOTING GUARD","DENVER NUGGETS"
323,"Chris Duarte",26,"SMALL FORWARD","SACRAMENTO KINGS","1997-06-13"
324,"Julian Strawther",21,"SMALL FORWARD","DENVER NUGGETS","2002-04-18"
325,"Ja Morant",24,"POINT GUARD","MEMPHIS GRIZZLIES","1999-08-10"
326,"Seth Curry",33,"SHOOTING GUARD","DALLAS MAVERICKS","1990-08-23"
327,"Sasha Vezenkov",28,"POWER FORWARD","SACRAMENTO KINGS"
328,"KJ Martin",23,"SMALL FORWARD","LOS ANGELES CLIPPERS","2001-01-06"
329,"Bol Bol",24,"POWER FORWARD","PHOENIX SUNS","1999-11-16"
330,"Kevin Knox",24,"SMALL FORWARD","DETROIT PISTONS"
331,"Omer Yurtseven",25,"CENTER","UTAH JAZZ"
332,"Evan Fournier",31,"SHOOTING GUARD","NEW YORK KNICKS"
333,"Thomas Bryant",26,"CENTER","MIAMI HEAT","1997-07-31"
334,"Shake Milton",27,"SHOOTING GUARD","MINNESOTA TIMBERWOLVES","1996-09-26"
335,"Tari Eason",22,"POWER FORWARD","HOUSTON ROCKETS","2001-05-10"
336,"Jalen Wilson",23,"POWER FORWARD","BROOKLYN NETS","2000-11-04"
337,"MarJon Beauchamp",23,"SMALL FORWARD","MILWAUKEE BUCKS","2000-10-12"
338,"Cody Martin",28,"SMALL FORWARD","CHARLOTTE HORNETS","1995-09-28"
339,"Delon Wright",31,"POINT GUARD","WASHINGTON WIZARDS","1992-04-26"
340,"Dwight Powell",32,"CENTER","DALLAS MAVERICKS","1991-07-20"
341,"Eugene Omoruyi",26,"SMALL FORWARD","WASHINGTON WIZARDS"
342,"Oshae Brissett",25,"SMALL FORWARD","BOSTON CELTICS"
343,"JT Thor",21,"POWER FORWARD","CHARLOTTE HORNETS","2002-08-26"
344,"Richaun Holmes",30,"CENTER","DALLAS MAVERICKS","1993-10-15"
345,"Keita Bates-Diop",28,"SMALL FORWARD","PHOENIX SUNS"
346,"Jordan McLaughlin",27,"POINT GUARD","MINNESOTA TIMBERWOLVES","1996-04-09"
347,"Maxi Kleber",32,"CENTER","DALLAS MAVERICKS","1992-01-29"
348,"Derrick Rose",35,"POINT GUARD","MEMPHIS GRIZZLIES"
349,"Sandro Mamukelashvili",24,"CENTER","SAN ANTONIO SPURS","1999-05-23"
350,"Anthony Gill",31,"POWER FORWARD","WASHINGTON WIZARDS","1992-10-17"
351,"Zeke Nnaji",23,"POWER FORWARD","DENVER NUGGETS","2001-01-09"
352,"JaVale McGee",36,"CENTER","SACRAMENTO KINGS"
353,"Dalen Terry",21,"SHOOTING GUARD","CHICAGO BULLS","2002-07-12"
354,"Luka Šamanić",24,"POWER FORWARD","UTAH JAZZ"
355,"Bismack Biyombo",31,"CENTER","MEMPHIS GRIZZLIES","1992-08-28"
356,"Ricky Council IV",22,"SHOOTING GUARD","PHILADELPHIA 76ERS","2001-08-03"
357,"Jacob Gilyard",25,"POINT GUARD","MEMPHIS GRIZZLIES"
358,"Mitchell Robinson",25,"CENTER","NEW YORK KNICKS","1998-04-01"
359,"Trey Jemison",24,"CENTER","WASHINGTON WIZARDS"
360,"Jalen McDaniels",26,"SMALL FORWARD","TORONTO RAPTORS","1998-01-31"
361,"Patrick Baldwin Jr.",21,"SMALL FORWARD","WASHINGTON WIZARDS","2002-11-18"
362,"Brandon Boston Jr.",22,"SMALL FORWARD","LOS ANGELES CLIPPERS"
363,"Lester Quiñones",23,"SHOOTING GUARD","GOLDEN STATE WARRIORS"
364,"Monte Morris",28,"POINT GUARD","DETROIT PISTONS"
365,"Jaden Springer",21,"SHOOTING GUARD","PHILADELPHIA 76ERS","2002-09-25"
366,"Svi Mykhailiuk",26,"SMALL FORWARD","BOSTON CELTICS","1997-06-10"
367,"Tristan Thompson",32,"CENTER","CLEVELAND CAVALIERS","1991-03-13"
368,"Mike Muscala",32,"CENTER","WASHINGTON WIZARDS"
369,"Rayan Rupert",19,"SHOOTING GUARD","PORTLAND TRAIL BLAZERS","2004-05-31"
370,"Skylar Mays",26,"POINT GUARD","PORTLAND TRAIL BLAZERS"
371,"Neemias Queta",24,"CENTER","BOSTON CELTICS","1999-07-13"
372,"Javon Freeman-Liberty",24,"POINT GUARD","TORONTO RAPTORS"
373,"Johnny Davis",21,"SHOOTING GUARD","WASHINGTON WIZARDS","2002-02-27"
374,"Nassir Little",23,"SMALL FORWARD","PHOENIX SUNS"
375,"Matt Ryan",26,"SMALL FORWARD","NEW ORLEANS PELICANS","1997-04-17"
376,"Jarred Vanderbilt",24,"POWER FORWARD","LOS ANGELES LAKERS","1999-04-03"
377,"Aleksej Pokusevski",22,"POWER FORWARD","OKLAHOMA CITY THUNDER"
378,"Dominick Barlow",20,"POWER FORWARD","SAN ANTONIO SPURS","2003-05-26"
379,"Danuel House Jr.",30,"SMALL FORWARD","PHILADELPHIA 76ERS"
380,"Johnny Juzang",22,"SHOOTING GUARD","UTAH JAZZ","2001-03-17"
381,"DeAndre Jordan",35,"CENTER","DENVER NUGGETS","1988-07-21"
382,"Ish Smith",35,"POINT GUARD","CHARLOTTE HORNETS"
383,"Lindy Waters III",26,"SHOOTING GUARD","OKLAHOMA CITY THUNDER","1997-07-28"
384,"Thaddeus Young",35,"POWER FORWARD","TORONTO RAPTORS"
385,"A.J. Lawson",23,"SHOOTING GUARD","DALLAS MAVERICKS","2000-07-15"
386,"Vit Krejci",23,"POINT GUARD","ATLANTA HAWKS"
387,"Noah Clowney",19,"POWER FORWARD","BROOKLYN NETS","2004-07-14"
388,"Ousmane Dieng",20,"POWER FORWARD","OKLAHOMA CITY THUNDER","2003-05-21"
389,"Stanley Umude",24,"SHOOTING GUARD","DETROIT PISTONS","1999-04-12"
390,"Robert Covington",33,"POWER FORWARD","LOS ANGELES CLIPPERS"
391,"Patty Mills",35,"POINT GUARD","ATLANTA HAWKS","1988-08-11"
392,"Andre Jackson Jr.",22,"SHOOTING GUARD","MILWAUKEE BUCKS","2001-11-13"
393,"Olivier-Maxence Prosper",21,"POWER FORWARD","DALLAS MAVERICKS","2002-07-03"
394,"Alex Len",30,"CENTER","SACRAMENTO KINGS","1993-06-16"
395,"Jarace Walker",20,"POWER FORWARD","INDIANA PACERS","2003-09-04"
396,"Yuta Watanabe",29,"SMALL FORWARD","PHOENIX SUNS"
397,"Jontay Porter",24,"POWER FORWARD","TORONTO RAPTORS"
398,"Jeremiah Robinson-Earl",23,"POWER FORWARD","NEW ORLEANS PELICANS","2000-11-03"
399,"Devonte' Graham",28,"POINT GUARD","SAN ANTONIO SPURS"
400,"Isaiah Livers",25,"POWER FORWARD","DETROIT PISTONS"
401,"Javonte Green",30,"SMALL FORWARD","CHICAGO BULLS","1993-07-23"
402,"Wesley Matthews",37,"SHOOTING GUARD","ATLANTA HAWKS"
403,"Damian Jones",28,"CENTER","CLEVELAND CAVALIERS"
404,"Chuma Okeke",25,"SMALL FORWARD","ORLANDO MAGIC","1998-08-18"
405,"Tosan Evbuomwan",22,"SMALL FORWARD","MEMPHIS GRIZZLIES","2001-02-16"
406,"Luka Garza",25,"CENTER","MINNESOTA TIMBERWOLVES","1998-12-27"
407,"Orlando Robinson",23,"CENTER","MIAMI HEAT","2000-07-10"
408,"Jamal Cain",24,"POWER FORWARD","MIAMI HEAT","1999-03-20"
409,"Reggie Bullock",32,"SMALL FORWARD","HOUSTON ROCKETS"
410,"Kenneth Lofton Jr.",21,"POWER FORWARD","MEMPHIS GRIZZLIES"
411,"Kessler Edwards",23,"SMALL FORWARD","SACRAMENTO KINGS","2000-08-09"
412,"Ben Simmons",27,"POINT GUARD","BROOKLYN NETS","1996-07-20"
413,"Jericho Sims",25,"CENTER","NEW YORK KNICKS","1998-10-20"
414,"Kobe Brown",24,"POWER FORWARD","LOS ANGELES CLIPPERS","2000-01-01"
415,"Justin Champagnie",22,"SMALL FORWARD","WASHINGTON WIZARDS","2001-06-29"
416,"Julian Phillips",20,"SMALL FORWARD","CHICAGO BULLS","2003-11-05"
417,"Kira Lewis Jr.",22,"POINT GUARD","NEW ORLEANS PELICANS"
418,"Furkan Korkmaz",26,"SHOOTING GUARD","PHILADELPHIA 76ERS"
419,"Garrett Temple",37,"SHOOTING GUARD","TORONTO RAPTORS","1986-05-08"
420,"Collin Gillespie",24,"POINT GUARD","DENVER NUGGETS","1999-06-25"
421,"Tristan Vukcevic",20,"CENTER","WASHINGTON WIZARDS","2003-03-11"
422,"Trent Forrest",25,"SHOOTING GUARD","ATLANTA HAWKS"
423,"Jared Rhoden",24,"SHOOTING GUARD","DETROIT PISTONS","1999-08-27"
424,"Gui Santos",21,"POWER FORWARD","GOLDEN STATE WARRIORS","2002-06-22"
425,"Kobe Bufkin",20,"SHOOTING GUARD","ATLANTA HAWKS","2003-09-21"
426,"Jaylen Nowell",24,"SHOOTING GUARD","MEMPHIS GRIZZLIES","1999-07-09"
427,"Onuralp Bitim",24,"SHOOTING GUARD","CHICAGO BULLS"
428,"Ashton Hagans",24,"POINT GUARD","PORTLAND TRAIL BLAZERS"
429,"Cody Zeller",31,"CENTER","NEW ORLEANS PELICANS"
430,"Moses Brown",24,"CENTER","PORTLAND TRAIL BLAZERS","1999-10-13"
431,"Jules Bernard",24,"SHOOTING GUARD","WASHINGTON WIZARDS"
432,"Saben Lee",24,"POINT GUARD","PHOENIX SUNS"
433,"Leaky Black",24,"SMALL FORWARD","CHARLOTTE HORNETS"
434,"Brandon Clarke",27,"POWER FORWARD","MEMPHIS GRIZZLIES","1996-09-19"
435,"Markieff Morris",34,"POWER FORWARD","DALLAS MAVERICKS","1989-09-02"
436,"Colby Jones",21,"SHOOTING GUARD","SACRAMENTO KINGS","2002-05-28"
437,"Charles Bassey",23,"CENTER","SAN ANTONIO SPURS","2000-10-28"
438,"Cory Joseph",32,"POINT GUARD","GOLDEN STATE WARRIORS","1991-08-20"
439,"Jeenathan Williams",24,"SHOOTING GUARD","HOUSTON ROCKETS"
440,"Justin Minaya",24,"SMALL FORWARD","PORTLAND TRAIL BLAZERS","1999-03-26"
441,"Théo Maledon",22,"POINT GUARD","CHARLOTTE HORNETS"
442,"Harry Giles",25,"CENTER","BROOKLYN NETS"
443,"Brandon Williams",24,"POINT GUARD","DALLAS MAVERICKS","1999-11-22"
444,"Micah Potter",25,"POWER FORWARD","UTAH JAZZ","1998-04-06"
445,"Jeff Dowtin",26,"POINT GUARD","PHILADELPHIA 76ERS"
446,"Terquavion Smith",21,"POINT GUARD","PHILADELPHIA 76ERS"
447,"P.J. Tucker",38,"POWER FORWARD","PHILADELPHIA 76ERS"
448,"James Bouknight",23,"SHOOTING GUARD","CHARLOTTE HORNETS"
449,"Josh Minott",21,"SMALL FORWARD","MINNESOTA TIMBERWOLVES","2002-11-25"
450,"Darius Bazley",23,"POWER FORWARD","PHILADELPHIA 76ERS"
451,"AJ Griffin",20,"SMALL FORWARD","ATLANTA HAWKS"
452,"Mãozinha Pereira",23,"SMALL FORWARD","MEMPHIS GRIZZLIES"
453,"Jahmi'us Ramsey",22,"SHOOTING GUARD","TORONTO RAPTORS"
454,"Terry Taylor",24,"POWER FORWARD","CHICAGO BULLS"
455,"Sidy Cissoko",19,"SMALL FORWARD","SAN ANTONIO SPURS","2004-04-02"
456,"Boban Marjanović",35,"CENTER","HOUSTON ROCKETS"
457,"Ryan Rollins",21,"POINT GUARD","WASHINGTON WIZARDS","2002-07-03"
458,"DeJon Jarreau",26,"SHOOTING GUARD","MEMPHIS GRIZZLIES"
459,"Dylan Windler",27,"SMALL FORWARD","NEW YORK KNICKS"
460,"Armoni Brooks",25,"POINT GUARD","BROOKLYN NETS"
461,"Jalen Pickett",24,"SHOOTING GUARD","DENVER NUGGETS","1999-10-22"
462,"Zavier Simpson",26,"POINT GUARD","MEMPHIS GRIZZLIES"
463,"Cole Swider",24,"SMALL FORWARD","MIAMI HEAT","1999-05-08"
464,"Emoni Bates",20,"SMALL FORWARD","CLEVELAND CAVALIERS","2004-01-28"
465,"T.J. Warren",30,"SMALL FORWARD","MINNESOTA TIMBERWOLVES"
466,"Robert Williams",26,"CENTER","PORTLAND TRAIL BLAZERS"
467,"Trevelin Queen",26,"SHOOTING GUARD","ORLANDO MAGIC","1997-02-25"
468,"Joe Harris",32,"SHOOTING GUARD","DETROIT PISTONS"
469,"Otto Porter Jr.",30,"SMALL FORWARD","TORONTO RAPTORS"
470,"Dru Smith",26,"SHOOTING GUARD","MIAMI HEAT","1997-12-30"
471,"Marques Bolden",25,"CENTER","MILWAUKEE BUCKS"
472,"Adama Sanogo",21,"POWER FORWARD","CHICAGO BULLS","2002-02-12"
473,"Udoka Azubuike",24,"CENTER","PHOENIX SUNS"
474,"Ibou Badji",21,"CENTER","PORTLAND TRAIL BLAZERS"
475,"Buddy Boeheim",24,"SMALL FORWARD","DETROIT PISTONS"
476,"Jalen Hood-Schifino",20,"SHOOTING GUARD","LOS ANGELES LAKERS","2003-06-19"
477,"Olivier Sarr",24,"CENTER","OKLAHOMA CITY THUNDER"
478,"Gabe Vincent",27,"POINT GUARD","LOS ANGELES LAKERS","1996-06-14"
479,"Taj Gibson",38,"POWER FORWARD","NEW YORK KNICKS","1985-06-24"
480,"Nate Hinton",24,"SHOOTING GUARD","HOUSTON ROCKETS"
481,"Nathan Mensah",25,"CENTER","CHARLOTTE HORNETS"
482,"Xavier Moon",29,"SHOOTING GUARD","LOS ANGELES CLIPPERS"
483,"Thanasis Antetokounmpo",31,"POWER FORWARD","MILWAUKEE BUCKS"
484,"Matthew Hurt",23,"POWER FORWARD","MEMPHIS GRIZZLIES"
485,"Keon Johnson",21,"SHOOTING GUARD","BROOKLYN NETS","2002-03-10"
486,"Jerome Robinson",26,"SHOOTING GUARD","GOLDEN STATE WARRIORS"
487,"Moussa Diabaté",22,"CENTER","LOS ANGELES CLIPPERS","2002-01-21"
488,"Jett Howard",20,"SMALL FORWARD","ORLANDO MAGIC","2003-09-14"
489,"Leonard Miller",20,"SMALL FORWARD","MINNESOTA TIMBERWOLVES","2003-11-26"
490,"Daishen Nix",21,"POINT GUARD","MINNESOTA TIMBERWOLVES","2002-02-13"
491,"David Duke Jr.",24,"SHOOTING GUARD","SAN ANTONIO SPURS","1999-10-13"
492,"Mouhamadou Gueye",25,"POWER FORWARD","TORONTO RAPTORS"
493,"Chris Livingston",20,"SMALL FORWARD","MILWAUKEE BUCKS","2003-10-15"
494,"Admiral Schofield",26,"POWER FORWARD","ORLANDO MAGIC"
495,"Oscar Tshiebwe",24,"POWER FORWARD","INDIANA PACERS","1999-11-27"
496,"Colin Castleton",23,"CENTER","LOS ANGELES LAKERS","2000-05-25"
497,"Mouhamed Gueye",21,"POWER FORWARD","ATLANTA HAWKS","2002-11-09"
498,"Amari Bailey",19,"POINT GUARD","CHARLOTTE HORNETS"
499,"RaiQuan Gray",24,"POWER FORWARD","SAN ANTONIO SPURS"
500,"Jay Huff",25,"CENTER","DENVER NUGGETS","1997-08-25"
501,"Isaiah Mobley",24,"POWER FORWARD","CLEVELAND CAVALIERS"
502,"Ish Wainright",29,"SMALL FORWARD","PORTLAND TRAIL BLAZERS"
503,"Dexter Dennis",24,"SHOOTING GUARD","DALLAS MAVERICKS"
504,"Braxton Key",26,"SMALL FORWARD","DENVER NUGGETS","1997-02-14"
505,"Kendall Brown",20,"SHOOTING GUARD","INDIANA PACERS"
506,"Jamaree Bouyea",24,"POINT GUARD","PORTLAND TRAIL BLAZERS","1999-06-27"
507,"Jermaine Samuels",25,"SMALL FORWARD","HOUSTON ROCKETS"
508,"Kobi Simmons",26,"POINT GUARD","TORONTO RAPTORS"
509,"Hunter Tyson",23,"POWER FORWARD","DENVER NUGGETS","2000-06-13"
510,"Malik Williams",25,"CENTER","TORONTO RAPTORS"
511,"Robin Lopez",35,"CENTER","MILWAUKEE BUCKS"
512,"Taze Moore",25,"SHOOTING GUARD","PORTLAND TRAIL BLAZERS"
513,"Wendell Moore Jr.",22,"SHOOTING GUARD","MINNESOTA TIMBERWOLVES","2001-09-18"
514,"Wenyen Gabriel",26,"POWER FORWARD","MEMPHIS GRIZZLIES"
515,"JD Davison",21,"SHOOTING GUARD","BOSTON CELTICS","2002-10-03"
516,"Greg Brown III",22,"POWER FORWARD","DALLAS MAVERICKS"
517,"Jordan Walsh",19,"SMALL FORWARD","BOSTON CELTICS","2004-03-03"
518,"Alex Fudge",20,"SMALL FORWARD","LOS ANGELES LAKERS"
519,"D'Moi Hodge",25,"SHOOTING GUARD","LOS ANGELES LAKERS"
520,"DaQuan Jeffries",26,"SHOOTING GUARD","NEW YORK KNICKS","1997-08-30"
521,"Seth Lundy",23,"SMALL FORWARD","ATLANTA HAWKS","2000-04-02"
522,"Dereon Seabron",23,"SHOOTING GUARD","NEW ORLEANS PELICANS"
523,"TyTy Washington Jr.",22,"POINT GUARD","MILWAUKEE BUCKS","2001-11-15"
524,"Timmy Allen",24,"SMALL FORWARD","MEMPHIS GRIZZLIES"
525,"Jordan Miller",24,"SMALL FORWARD","LOS ANGELES CLIPPERS","2000-01-23"
526,"Jacob Toppin",23,"SMALL FORWARD","NEW YORK KNICKS","2000-05-08"
527,"Mamadi Diakite",27,"POWER FORWARD","SAN ANTONIO SPURS"
528,"Jordan Ford",25,"POINT GUARD","SACRAMENTO KINGS"
529,"Jason Preston",24,"POINT GUARD","UTAH JAZZ"
530,"D.J. Carton",23,"SHOOTING GUARD","TORONTO RAPTORS","2000-08-05"
531,"Henri Drell",23,"SMALL FORWARD","CHICAGO BULLS"
532,"Keyontae Johnson",23,"SMALL FORWARD","OKLAHOMA CITY THUNDER"
533,"Maxwell Lewis",21,"SMALL FORWARD","LOS ANGELES LAKERS","2002-07-27"
534,"Drew Peterson",24,"POWER FORWARD","BOSTON CELTICS","1999-11-09"
535,"R.J. Hampton",22,"POINT GUARD","MIAMI HEAT"
536,"D.J. Wilson",27,"POWER FORWARD","PHILADELPHIA 76ERS"
537,"James Johnson",36,"POWER FORWARD","INDIANA PACERS","1987-02-20"
538,"Jalen Slawson",24,"SMALL FORWARD","SACRAMENTO KINGS"
539,"Isaiah Thomas",34,"POINT GUARD","PHOENIX SUNS"
540,"Mason Jones",25,"SHOOTING GUARD","SACRAMENTO KINGS","1998-07-21"
541,"Juan Toscano-Anderson",30,"SMALL FORWARD","SACRAMENTO KINGS"
542,"Charlie Brown Jr.",26,"SHOOTING GUARD","NEW YORK KNICKS"
543,"Jack White",26,"SMALL FORWARD","MEMPHIS GRIZZLIES"
544,"Lindell Wigginton",25,"POINT GUARD","MILWAUKEE BUCKS"
545,"Frank Ntilikina",25,"POINT GUARD","CHARLOTTE HORNETS"
546,"Alondes Williams",24,"SHOOTING GUARD","MIAMI HEAT","1999-06-19"
547,"Izaiah Brockington",24,"POINT GUARD","NEW ORLEANS PELICANS"
548,"Kevon Harris",26,"SHOOTING GUARD","ORLANDO MAGIC"
549,"Ty Jerome",26,"SHOOTING GUARD","CLEVELAND CAVALIERS","1997-07-08"
550,"E.J. Liddell",23,"POWER FORWARD","NEW ORLEANS PELICANS","2000-12-18"
551,"Pat Spencer",27,"POINT GUARD","GOLDEN STATE WARRIORS","1996-07-04"
552,"Adam Flagler",24,"SHOOTING GUARD","OKLAHOMA CITY THUNDER","1999-12-01"
553,"Usman Garuba",21,"POWER FORWARD","GOLDEN STATE WARRIORS"
554,"Dariq Whitehead",19,"SMALL FORWARD","BROOKLYN NETS","2004-08-01"
555,"Pete Nance",23,"POWER FORWARD","CLEVELAND CAVALIERS","2000-02-19"
556,"Filip Petrušev",23,"CENTER","PHILADELPHIA 76ERS"
557,"Hamidou Diallo",25,"SHOOTING GUARD","WASHINGTON WIZARDS"
558,"Shaquille Harrison",30,"SHOOTING GUARD","MEMPHIS GRIZZLIES"
559,"Quenton Jackson",25,"POINT GUARD","INDIANA PACERS","1998-09-15"
560,"Markquis Nowell",24,"SHOOTING GUARD","TORONTO RAPTORS"
561,"Joshua Primo",21,"SHOOTING GUARD","LOS ANGELES CLIPPERS"
562,"Isaiah Wong",23,"SHOOTING GUARD","INDIANA PACERS","2001-01-28"
563,"Ryan Arcidiacono",29,"POINT GUARD","NEW YORK KNICKS"
564,"Malcolm Cazalon",22,"SHOOTING GUARD","DETROIT PISTONS"
565,"Jalen Crutcher",24,"POINT GUARD","NEW ORLEANS PELICANS"
566,"Andrew Funk",24,"SHOOTING GUARD","CHICAGO BULLS"
567,"Kaiser Gates",27,"SMALL FORWARD","NEW ORLEANS PELICANS"
568,"Danny Green",36,"SHOOTING GUARD","PHILADELPHIA 76ERS"
569,"Ron Harper Jr.",23,"POWER FORWARD","TORONTO RAPTORS","2000-04-12"
570,"Justin Jackson",28,"SMALL FORWARD","MINNESOTA TIMBERWOLVES"
571,"Dmytro Skapintsev",25,"CENTER","NEW YORK KNICKS"
572,"Javonte Smart",24,"POINT GUARD","PHILADELPHIA 76ERS"
